
insert into Requirements VALUES("REQUIRES_PLOT_HAS_CITY_CENTER","REQUIREMENT_DISTRICT_TYPE_MATCHES","0","0","0");
insert into RequirementArguments VALUES("REQUIRES_PLOT_HAS_CITY_CENTER","DistrictType","ARGTYPE_IDENTITY","DISTRICT_CITY_CENTER",null);

insert into Requirements VALUES("REQUIRES_PLOT_HAS_GRASS","REQUIREMENT_PLOT_TERRAIN_TYPE_MATCHES","0","0","0");
insert into RequirementArguments VALUES("REQUIRES_PLOT_HAS_GRASS","TerrainType","ARGTYPE_IDENTITY","TERRAIN_GRASS",null);

insert into Requirements VALUES("REQUIRES_PLOT_HAS_HILLS","REQUIREMENT_PLOT_TERRAIN_TYPE_MATCHES","0","0","0");
insert into RequirementArguments VALUES("REQUIRES_PLOT_HAS_HILLS","TerrainType","ARGTYPE_IDENTITY","TERRAIN_HILLS",null);



-- Food
insert into GameModifiers  Values ( "DISTRICT_CITY_CENTER_YIELD_BONUS_FOOD");

insert into Modifiers VALUES("DISTRICT_CITY_CENTER_YIELD_BONUS_FOOD",	"MODIFIER_SINGLE_PLOT_ADJUST_PLOT_YIELDS",	0	,0,	NULL, "DISTRICT_CITY_CENTER_YIELD_BONUS_FOOD_REQUIREMENT_SET");
insert into ModifierArguments VALUES("DISTRICT_CITY_CENTER_YIELD_BONUS_FOOD", "YieldType", "ARGTYPE_IDENTITY", "YIELD_FOOD", null);
insert into ModifierArguments VALUES("DISTRICT_CITY_CENTER_YIELD_BONUS_FOOD", "Amount", "ARGTYPE_IDENTITY", 3, null);

insert into RequirementSets VALUES("DISTRICT_CITY_CENTER_YIELD_BONUS_FOOD_REQUIREMENT_SET","REQUIREMENTSET_TEST_ALL");

insert into RequirementSetRequirements VALUES("DISTRICT_CITY_CENTER_YIELD_BONUS_FOOD_REQUIREMENT_SET","REQUIRES_PLOT_HAS_GRASS");
insert into RequirementSetRequirements VALUES("DISTRICT_CITY_CENTER_YIELD_BONUS_FOOD_REQUIREMENT_SET","REQUIRES_PLOT_HAS_CITY_CENTER");




-- Production
insert into GameModifiers  Values ( "DISTRICT_CITY_CENTER_YIELD_BONUS_PRODUCTION");

insert into Modifiers VALUES("DISTRICT_CITY_CENTER_YIELD_BONUS_PRODUCTION",	"MODIFIER_CITY_PLOT_YIELDS_ADJUST_PLOT_YIELD",	0	,0,	NULL, "DISTRICT_CITY_CENTER_YIELD_BONUS_PRODUCTION_REQUIREMENT_SET");
insert into ModifierArguments VALUES("DISTRICT_CITY_CENTER_YIELD_BONUS_PRODUCTION", "YieldType", "ARGTYPE_IDENTITY", "YIELD_PRODUCTION", NULL);
insert into ModifierArguments VALUES("DISTRICT_CITY_CENTER_YIELD_BONUS_PRODUCTION", "Amount", "ARGTYPE_IDENTITY", 2, null);


insert into RequirementSets VALUES("DISTRICT_CITY_CENTER_YIELD_BONUS_PRODUCTION_REQUIREMENT_SET","REQUIREMENTSET_TEST_ALL");

insert into RequirementSetRequirements VALUES("DISTRICT_CITY_CENTER_YIELD_BONUS_PRODUCTION_REQUIREMENT_SET","REQUIRES_PLOT_HAS_HILLS");
insert into RequirementSetRequirements VALUES("DISTRICT_CITY_CENTER_YIELD_BONUS_PRODUCTION_REQUIREMENT_SET","REQUIRES_PLOT_HAS_CITY_CENTER");
